0,195.2,379.49,0
0,350.46,201.6,flow19.0
0,204.8,24.32,flow5.0
0,204.8,16.88,flow6.0
0,198.4,380.96,flow7.0
0,195.2,385.58,flow8.0
0,333.28,204.8,flow9.0
0,207.38,19.48,pedestrian_1
0,207.38,15.88,pedestrian_2
0,206.72,15.9,pedestrian_3
1,195.2,379.38,0
1,349.81,201.6,flow19.0
1,204.8,24.53,flow5.0
1,204.8,17.03,flow6.0
1,198.4,380.58,flow7.0
1,195.2,385.5,flow8.0
1,332.48,204.8,flow9.0
1,207.38,19.56,pedestrian_1
1,207.38,15.94,pedestrian_2
1,206.72,15.99,pedestrian_3
2,195.2,379.27,0
2,349.16,201.6,flow19.0
2,204.8,24.74,flow5.0
2,204.8,17.18,flow6.0
2,198.4,380.19,flow7.0
2,195.2,385.42,flow8.0
2,331.69,204.8,flow9.0
2,207.38,19.64,pedestrian_1
2,207.38,16.01,pedestrian_2
2,206.72,16.08,pedestrian_3
3,195.2,379.16,0
3,348.51,201.6,flow19.0
3,204.8,24.95,flow5.0
3,204.8,17.34,flow6.0
3,198.4,379.79,flow7.0
3,195.2,385.33,flow8.0
3,330.9,204.8,flow9.0
3,207.38,19.73,pedestrian_1
3,207.38,16.07,pedestrian_2
3,206.72,16.18,pedestrian_3
4,195.2,379.05,0
4,347.86,201.6,flow19.0
4,204.8,25.16,flow5.0
4,204.8,17.5,flow6.0
4,198.4,379.37,flow7.0
4,195.2,385.25,flow8.0
4,330.11,204.8,flow9.0
4,207.38,19.82,pedestrian_1
4,207.38,16.14,pedestrian_2
4,206.72,16.27,pedestrian_3
5,195.2,378.94,0
5,347.21,201.6,flow19.0
5,204.8,25.37,flow5.0
5,204.8,17.66,flow6.0
5,198.4,378.95,flow7.0
5,195.2,385.16,flow8.0
5,329.31,204.8,flow9.0
5,207.38,19.91,pedestrian_1
5,207.38,16.2,pedestrian_2
5,206.72,16.35,pedestrian_3
6,195.2,378.83,0
6,346.56,201.6,flow19.0
6,204.8,25.58,flow5.0
6,204.8,17.82,flow6.0
6,198.4,378.52,flow7.0
6,195.2,385.07,flow8.0
6,328.52,204.8,flow9.0
6,207.38,20.0,pedestrian_1
6,207.38,16.27,pedestrian_2
6,206.72,16.44,pedestrian_3
7,195.2,378.71,0
7,345.9,201.6,flow19.0
7,204.8,25.79,flow5.0
7,204.8,17.99,flow6.0
7,198.4,378.08,flow7.0
7,195.2,384.98,flow8.0
7,327.73,204.8,flow9.0
7,207.38,20.09,pedestrian_1
7,207.38,16.34,pedestrian_2
7,206.72,16.53,pedestrian_3
8,195.2,378.59,0
8,345.25,201.6,flow19.0
8,204.8,26.0,flow5.0
8,204.8,18.16,flow6.0
8,198.4,377.63,flow7.0
8,195.2,384.89,flow8.0
8,326.94,204.8,flow9.0
8,207.38,20.18,pedestrian_1
8,207.38,16.4,pedestrian_2
8,206.72,16.62,pedestrian_3
9,195.2,378.48,0
9,344.6,201.6,flow19.0
9,204.8,26.2,flow5.0
9,204.8,18.33,flow6.0
9,198.4,377.17,flow7.0
9,198.4,384.8,flow8.0
9,326.15,204.8,flow9.0
9,207.38,20.27,pedestrian_1
9,207.38,16.47,pedestrian_2
9,206.72,16.71,pedestrian_3
10,195.2,378.36,0
10,343.94,201.6,flow19.0
10,204.8,26.41,flow5.0
10,204.8,18.51,flow6.0
10,198.4,376.69,flow7.0
10,198.4,384.69,flow8.0
10,325.36,204.8,flow9.0
10,207.38,20.36,pedestrian_1
10,207.38,16.54,pedestrian_2
10,206.72,16.8,pedestrian_3
11,195.2,378.24,0
11,343.29,201.6,flow19.0
11,204.8,26.62,flow5.0
11,204.8,18.68,flow6.0
11,198.4,376.21,flow7.0
11,198.4,384.57,flow8.0
11,324.56,204.8,flow9.0
11,207.38,20.45,pedestrian_1
11,207.38,16.6,pedestrian_2
11,206.72,16.89,pedestrian_3
12,195.2,378.12,0
12,342.64,201.6,flow19.0
12,204.8,26.83,flow5.0
12,204.8,18.86,flow6.0
12,198.4,375.72,flow7.0
12,198.4,384.44,flow8.0
12,323.77,204.8,flow9.0
12,207.38,20.53,pedestrian_1
12,207.38,16.67,pedestrian_2
12,206.72,16.97,pedestrian_3
13,195.2,378.0,0
13,341.99,201.6,flow19.0
13,204.8,27.04,flow5.0
13,204.8,19.04,flow6.0
13,198.4,375.22,flow7.0
13,198.4,384.29,flow8.0
13,322.97,204.8,flow9.0
13,207.38,20.62,pedestrian_1
13,207.38,16.74,pedestrian_2
13,206.72,17.07,pedestrian_3
14,195.2,377.88,0
14,341.34,201.6,flow19.0
14,204.8,27.25,flow5.0
14,204.8,19.22,flow6.0
14,198.4,374.71,flow7.0
14,198.4,384.13,flow8.0
14,322.18,204.8,flow9.0
14,207.38,20.71,pedestrian_1
14,207.38,16.81,pedestrian_2
14,206.72,17.16,pedestrian_3
15,195.2,377.76,0
15,340.69,201.6,flow19.0
15,204.8,27.46,flow5.0
15,204.8,19.41,flow6.0
15,198.4,374.18,flow7.0
15,198.4,383.96,flow8.0
15,321.39,204.8,flow9.0
15,207.38,20.8,pedestrian_1
15,207.38,16.88,pedestrian_2
15,206.72,17.26,pedestrian_3
16,195.2,377.63,0
16,340.03,201.6,flow19.0
16,204.8,27.67,flow5.0
16,204.8,19.6,flow6.0
16,198.4,373.65,flow7.0
16,198.4,383.77,flow8.0
16,320.59,204.8,flow9.0
16,207.38,20.89,pedestrian_1
16,207.38,16.94,pedestrian_2
16,206.72,17.35,pedestrian_3
17,195.2,377.51,0
17,339.38,201.6,flow19.0
17,204.8,27.88,flow5.0
17,204.8,19.79,flow6.0
17,198.4,373.1,flow7.0
17,198.4,383.58,flow8.0
17,319.8,204.8,flow9.0
17,207.38,20.97,pedestrian_1
17,207.38,17.02,pedestrian_2
17,206.72,17.45,pedestrian_3
18,195.2,377.38,0
18,338.73,201.6,flow19.0
18,204.8,28.09,flow5.0
18,204.8,19.98,flow6.0
18,198.4,372.54,flow7.0
18,198.4,383.37,flow8.0
18,319.0,204.8,flow9.0
18,207.38,21.06,pedestrian_1
18,207.38,17.08,pedestrian_2
18,206.72,17.53,pedestrian_3
19,195.2,377.25,0
19,338.08,201.6,flow19.0
19,204.8,28.3,flow5.0
19,204.8,20.17,flow6.0
19,198.4,371.97,flow7.0
19,198.4,383.15,flow8.0
19,318.21,204.8,flow9.0
19,207.38,21.15,pedestrian_1
19,207.38,17.15,pedestrian_2
19,206.72,17.62,pedestrian_3
20,195.2,377.12,0
20,337.43,201.6,flow19.0
20,204.8,28.51,flow5.0
20,204.8,20.37,flow6.0
20,198.4,371.39,flow7.0
20,198.4,382.91,flow8.0
20,317.42,204.8,flow9.0
20,207.38,21.25,pedestrian_1
20,207.38,17.22,pedestrian_2
20,206.72,17.71,pedestrian_3
21,195.2,376.99,0
21,336.78,201.6,flow19.0
21,204.8,28.71,flow5.0
21,204.8,20.57,flow6.0
21,198.4,370.8,flow7.0
21,198.4,382.67,flow8.0
21,316.63,204.8,flow9.0
21,207.38,21.34,pedestrian_1
21,207.38,17.29,pedestrian_2
21,206.72,17.79,pedestrian_3
22,195.2,376.86,0
22,336.13,201.6,flow19.0
22,204.8,28.92,flow5.0
22,204.8,20.77,flow6.0
22,198.4,370.19,flow7.0
22,198.4,382.41,flow8.0
22,315.83,204.8,flow9.0
22,207.38,21.43,pedestrian_1
22,207.38,17.36,pedestrian_2
22,206.72,17.87,pedestrian_3
23,195.2,376.73,0
23,335.47,201.6,flow19.0
23,204.8,29.13,flow5.0
23,204.8,20.98,flow6.0
23,198.4,369.57,flow7.0
23,198.4,382.15,flow8.0
23,315.04,204.8,flow9.0
23,207.38,21.53,pedestrian_1
23,207.38,17.43,pedestrian_2
23,206.72,17.95,pedestrian_3
24,195.2,376.6,0
24,334.82,201.6,flow19.0
24,204.8,29.34,flow5.0
24,204.8,21.19,flow6.0
24,198.4,368.94,flow7.0
24,198.4,381.87,flow8.0
24,314.24,204.8,flow9.0
24,207.38,21.62,pedestrian_1
24,207.38,17.49,pedestrian_2
24,206.72,18.05,pedestrian_3
25,195.2,376.47,0
25,334.17,201.6,flow19.0
25,204.8,29.55,flow5.0
25,204.8,21.39,flow6.0
25,198.4,368.32,flow7.0
25,198.4,381.58,flow8.0
25,313.45,204.8,flow9.0
25,207.38,21.71,pedestrian_1
25,207.38,17.56,pedestrian_2
25,206.72,18.14,pedestrian_3
26,195.2,376.34,0
26,333.52,201.6,flow19.0
26,204.8,29.76,flow5.0
26,204.8,21.61,flow6.0
26,198.4,367.7,flow7.0
26,198.4,381.27,flow8.0
26,312.66,204.8,flow9.0
26,207.38,21.79,pedestrian_1
26,207.38,17.63,pedestrian_2
26,206.72,18.22,pedestrian_3
27,195.2,376.2,0
27,332.87,201.6,flow19.0
27,204.8,29.97,flow5.0
27,204.8,21.82,flow6.0
27,198.4,367.08,flow7.0
27,198.4,380.95,flow8.0
27,311.87,204.8,flow9.0
27,207.38,21.88,pedestrian_1
27,207.38,17.69,pedestrian_2
27,206.72,18.31,pedestrian_3
28,195.2,376.07,0
28,332.22,201.6,flow19.0
28,204.8,30.18,flow5.0
28,204.8,22.04,flow6.0
28,198.4,366.46,flow7.0
28,198.4,380.62,flow8.0
28,311.08,204.8,flow9.0
28,207.38,21.97,pedestrian_1
28,207.38,17.76,pedestrian_2
28,206.72,18.39,pedestrian_3
29,195.2,375.93,0
29,331.56,201.6,flow19.0
29,204.8,30.39,flow5.0
29,204.8,22.26,flow6.0
29,198.4,365.84,flow7.0
29,198.4,380.28,flow8.0
29,310.29,204.8,flow9.0
29,207.38,22.05,pedestrian_1
29,207.38,17.83,pedestrian_2
29,206.72,18.48,pedestrian_3
30,195.2,375.79,0
30,330.92,201.6,flow19.0
30,204.8,30.6,flow5.0
30,204.8,22.48,flow6.0
30,198.4,365.22,flow7.0
30,198.4,379.94,flow8.0
30,309.49,204.8,flow9.0
30,207.38,22.13,pedestrian_1
30,207.38,17.9,pedestrian_2
30,206.72,18.56,pedestrian_3
31,195.2,375.65,0
31,330.26,201.6,flow19.0
31,204.8,30.81,flow5.0
31,204.8,22.7,flow6.0
31,198.4,364.6,flow7.0
31,198.4,379.58,flow8.0
31,308.7,204.8,flow9.0
31,207.38,22.23,pedestrian_1
31,207.38,17.97,pedestrian_2
31,206.72,18.66,pedestrian_3
32,195.2,375.52,0
32,329.61,201.6,flow19.0
32,204.8,31.02,flow5.0
32,204.8,22.92,flow6.0
32,198.4,363.97,flow7.0
32,198.4,379.21,flow8.0
32,307.91,204.8,flow9.0
32,207.38,22.32,pedestrian_1
32,207.38,18.05,pedestrian_2
32,206.72,18.75,pedestrian_3
33,195.2,375.38,0
33,328.96,201.6,flow19.0
33,204.8,31.23,flow5.0
33,204.8,23.15,flow6.0
33,198.4,363.35,flow7.0
33,198.4,378.82,flow8.0
33,307.12,204.8,flow9.0
33,207.38,22.4,pedestrian_1
33,207.38,18.11,pedestrian_2
33,206.72,18.83,pedestrian_3
34,195.2,375.24,0
34,328.31,201.6,flow19.0
34,204.8,31.43,flow5.0
34,204.8,23.38,flow6.0
34,198.4,362.73,flow7.0
34,198.4,378.43,flow8.0
34,306.32,204.8,flow9.0
34,207.38,22.49,pedestrian_1
34,207.38,18.18,pedestrian_2
34,206.72,18.93,pedestrian_3
35,195.2,375.1,0
35,327.65,201.6,flow19.0
35,204.8,31.64,flow5.0
35,204.8,23.61,flow6.0
35,198.4,362.11,flow7.0
35,198.4,378.03,flow8.0
35,305.53,204.8,flow9.0
35,207.38,22.59,pedestrian_1
35,207.38,18.25,pedestrian_2
35,206.72,19.01,pedestrian_3
36,195.2,374.95,0
36,327.0,201.6,flow19.0
36,204.8,31.85,flow5.0
36,204.8,23.84,flow6.0
36,198.4,361.49,flow7.0
36,198.4,377.62,flow8.0
36,304.74,204.8,flow9.0
36,207.38,22.67,pedestrian_1
36,207.38,18.32,pedestrian_2
36,206.72,19.11,pedestrian_3
37,195.2,374.81,0
37,326.35,201.6,flow19.0
37,204.8,32.06,flow5.0
37,204.8,24.07,flow6.0
37,198.4,360.86,flow7.0
37,198.4,377.2,flow8.0
37,303.95,204.8,flow9.0
37,207.38,22.76,pedestrian_1
37,207.38,18.38,pedestrian_2
37,206.72,19.19,pedestrian_3
38,195.2,374.67,0
38,325.7,201.6,flow19.0
38,204.8,32.27,flow5.0
38,204.8,24.31,flow6.0
38,198.4,360.24,flow7.0
38,198.4,376.77,flow8.0
38,303.16,204.8,flow9.0
38,207.38,22.85,pedestrian_1
38,207.38,18.45,pedestrian_2
38,206.72,19.28,pedestrian_3
39,195.2,374.52,0
39,325.05,201.6,flow19.0
39,204.8,32.48,flow5.0
39,204.8,24.55,flow6.0
39,198.4,359.62,flow7.0
39,198.4,376.32,flow8.0
39,302.36,204.8,flow9.0
39,207.38,22.95,pedestrian_1
39,207.38,18.51,pedestrian_2
39,206.72,19.37,pedestrian_3
40,195.2,374.37,0
40,324.39,201.6,flow19.0
40,204.8,32.69,flow5.0
40,204.8,24.79,flow6.0
40,198.4,359.0,flow7.0
40,198.4,375.87,flow8.0
40,301.57,204.8,flow9.0
40,207.38,23.04,pedestrian_1
40,207.38,18.58,pedestrian_2
40,206.72,19.46,pedestrian_3
41,195.2,374.22,0
41,323.74,201.6,flow19.0
41,204.8,32.9,flow5.0
41,204.8,25.03,flow6.0
41,198.4,358.37,flow7.0
41,198.4,375.4,flow8.0
41,300.78,204.8,flow9.0
41,207.38,23.12,pedestrian_1
41,207.38,18.64,pedestrian_2
41,206.72,19.55,pedestrian_3
42,195.2,374.07,0
42,323.09,201.6,flow19.0
42,204.8,33.11,flow5.0
42,204.8,25.27,flow6.0
42,198.4,357.75,flow7.0
42,198.4,374.93,flow8.0
42,299.99,204.8,flow9.0
42,207.38,23.21,pedestrian_1
42,207.38,18.71,pedestrian_2
42,206.72,19.64,pedestrian_3
43,195.2,373.92,0
43,322.44,201.6,flow19.0
43,204.8,33.32,flow5.0
43,204.8,25.52,flow6.0
43,198.4,357.13,flow7.0
43,198.4,374.44,flow8.0
43,299.2,204.8,flow9.0
43,207.38,23.3,pedestrian_1
43,207.38,18.78,pedestrian_2
43,206.72,19.74,pedestrian_3
44,195.2,373.77,0
44,321.78,201.6,flow19.0
44,204.8,33.53,flow5.0
44,204.8,25.75,flow6.0
44,198.4,356.51,flow7.0
44,198.4,373.95,flow8.0
44,298.41,204.8,flow9.0
44,207.38,23.39,pedestrian_1
44,207.38,18.86,pedestrian_2
44,206.72,19.84,pedestrian_3
45,195.2,373.62,0
45,321.13,201.6,flow19.0
45,204.8,33.74,flow5.0
45,204.8,25.99,flow6.0
45,198.4,355.89,flow7.0
45,198.4,373.44,flow8.0
45,297.62,204.8,flow9.0
45,207.38,23.48,pedestrian_1
45,207.38,18.92,pedestrian_2
45,206.72,19.93,pedestrian_3
46,195.2,373.46,0
46,320.48,201.6,flow19.0
46,204.8,33.94,flow5.0
46,204.8,26.23,flow6.0
46,198.4,355.27,flow7.0
46,198.4,372.91,flow8.0
46,296.83,204.8,flow9.0
46,207.38,23.57,pedestrian_1
46,207.38,18.99,pedestrian_2
46,206.72,20.01,pedestrian_3
47,195.2,373.31,0
47,319.83,201.6,flow19.0
47,204.8,34.15,flow5.0
47,204.8,26.47,flow6.0
47,198.4,354.65,flow7.0
47,198.4,372.38,flow8.0
47,296.04,204.8,flow9.0
47,207.38,23.67,pedestrian_1
47,207.38,19.06,pedestrian_2
47,206.72,20.1,pedestrian_3
48,195.2,373.15,0
48,319.17,201.6,flow19.0
48,204.8,34.36,flow5.0
48,204.8,26.7,flow6.0
48,198.4,354.02,flow7.0
48,198.4,371.84,flow8.0
48,295.25,204.8,flow9.0
48,207.38,23.76,pedestrian_1
48,207.38,19.13,pedestrian_2
48,206.72,20.18,pedestrian_3
49,195.2,372.99,0
49,318.52,201.6,flow19.0
49,204.8,34.57,flow5.0
49,204.8,26.94,flow6.0
49,198.4,353.4,flow7.0
49,198.4,371.28,flow8.0
49,294.46,204.8,flow9.0
49,207.38,23.85,pedestrian_1
49,207.38,19.2,pedestrian_2
49,206.72,20.28,pedestrian_3
50,195.2,372.83,0
50,317.87,201.6,flow19.0
50,204.8,34.78,flow5.0
50,204.8,27.18,flow6.0
50,198.4,352.78,flow7.0
50,198.4,370.72,flow8.0
50,293.66,204.8,flow9.0
50,207.38,23.94,pedestrian_1
50,207.38,19.27,pedestrian_2
50,206.72,20.37,pedestrian_3
51,195.2,372.67,0
51,317.22,201.6,flow19.0
51,204.8,34.99,flow5.0
51,204.8,27.41,flow6.0
51,198.4,352.16,flow7.0
51,198.4,370.14,flow8.0
51,292.87,204.8,flow9.0
51,207.38,24.03,pedestrian_1
51,207.38,19.33,pedestrian_2
51,206.72,20.46,pedestrian_3
52,195.2,372.51,0
52,316.57,201.6,flow19.0
52,204.8,35.2,flow5.0
52,204.8,27.65,flow6.0
52,198.4,351.53,flow7.0
52,198.4,369.56,flow8.0
52,292.08,204.8,flow9.0
52,207.38,24.12,pedestrian_1
52,207.38,19.41,pedestrian_2
52,206.72,20.56,pedestrian_3
53,195.2,372.34,0
53,315.92,201.6,flow19.0
53,204.8,35.41,flow5.0
53,204.8,27.88,flow6.0
53,198.4,350.91,flow7.0
53,198.4,368.97,flow8.0
53,291.29,204.8,flow9.0
53,207.38,24.2,pedestrian_1
53,207.38,19.48,pedestrian_2
53,206.72,20.65,pedestrian_3
54,195.2,372.18,0
54,315.27,201.6,flow19.0
54,204.8,35.62,flow5.0
54,204.8,28.11,flow6.0
54,198.4,350.29,flow7.0
54,198.4,368.36,flow8.0
54,290.49,204.8,flow9.0
54,207.38,24.29,pedestrian_1
54,207.38,19.55,pedestrian_2
54,206.72,20.74,pedestrian_3
55,195.2,372.01,0
55,314.62,201.6,flow19.0
55,204.8,35.83,flow5.0
55,204.8,28.35,flow6.0
55,198.4,349.66,flow7.0
55,198.4,367.74,flow8.0
55,289.7,204.8,flow9.0
55,207.38,24.39,pedestrian_1
55,207.38,19.61,pedestrian_2
55,206.72,20.84,pedestrian_3
56,195.2,371.85,0
56,313.97,201.6,flow19.0
56,204.8,36.04,flow5.0
56,204.8,28.58,flow6.0
56,198.4,349.04,flow7.0
56,198.4,367.11,flow8.0
56,288.91,204.8,flow9.0
56,207.38,24.49,pedestrian_1
56,207.38,19.68,pedestrian_2
56,206.72,20.93,pedestrian_3
57,195.2,371.68,0
57,313.32,201.6,flow19.0
57,204.8,36.25,flow5.0
57,201.6,28.81,flow6.0
57,198.4,348.42,flow7.0
57,198.4,366.47,flow8.0
57,288.12,204.8,flow9.0
57,207.38,24.57,pedestrian_1
57,207.38,19.75,pedestrian_2
57,206.72,21.03,pedestrian_3
58,195.2,371.51,0
58,312.66,201.6,flow19.0
58,204.8,36.46,flow5.0
58,201.6,29.05,flow6.0
58,198.4,347.79,flow7.0
58,198.4,365.82,flow8.0
58,287.33,204.8,flow9.0
58,207.38,24.67,pedestrian_1
58,207.38,19.82,pedestrian_2
58,206.72,21.12,pedestrian_3
59,195.2,371.33,0
59,312.01,201.6,flow19.0
59,204.8,36.67,flow5.0
59,201.6,29.29,flow6.0
59,198.4,347.17,flow7.0
59,198.4,365.16,flow8.0
59,286.53,204.8,flow9.0
59,207.38,24.76,pedestrian_1
59,207.38,19.89,pedestrian_2
59,206.72,21.21,pedestrian_3
60,195.2,371.16,0
60,311.36,201.6,flow19.0
60,204.8,36.87,flow5.0
60,201.6,29.53,flow6.0
60,198.4,346.55,flow7.0
60,198.4,364.49,flow8.0
60,285.74,204.8,flow9.0
60,207.38,24.85,pedestrian_1
60,207.38,19.96,pedestrian_2
60,206.72,21.3,pedestrian_3
61,195.2,370.99,0
61,310.71,201.6,flow19.0
61,204.8,37.08,flow5.0
61,201.6,29.77,flow6.0
61,198.4,345.93,flow7.0
61,198.4,363.82,flow8.0
61,284.94,204.8,flow9.0
61,207.38,24.94,pedestrian_1
61,207.38,20.02,pedestrian_2
61,206.72,21.39,pedestrian_3
62,195.2,370.81,0
62,310.06,201.6,flow19.0
62,204.8,37.29,flow5.0
62,201.6,30.02,flow6.0
62,198.4,345.31,flow7.0
62,198.4,363.14,flow8.0
62,284.15,204.8,flow9.0
62,207.38,25.03,pedestrian_1
62,207.38,20.1,pedestrian_2
62,206.72,21.48,pedestrian_3
63,195.2,370.63,0
63,309.41,201.6,flow19.0
63,204.8,37.5,flow5.0
63,201.6,30.26,flow6.0
63,198.4,344.69,flow7.0
63,198.4,362.46,flow8.0
63,283.36,204.8,flow9.0
63,207.38,25.12,pedestrian_1
63,207.38,20.17,pedestrian_2
63,206.72,21.56,pedestrian_3
64,195.2,370.45,0
64,308.76,201.6,flow19.0
64,204.8,37.71,flow5.0
64,201.6,30.52,flow6.0
64,198.4,344.07,flow7.0
64,198.4,361.78,flow8.0
64,282.57,204.8,flow9.0
64,207.38,25.21,pedestrian_1
64,207.38,20.23,pedestrian_2
64,206.72,21.64,pedestrian_3
65,195.2,370.27,0
65,308.11,201.6,flow19.0
65,204.8,37.92,flow5.0
65,201.6,30.77,flow6.0
65,198.4,343.44,flow7.0
65,198.4,361.11,flow8.0
65,281.77,204.8,flow9.0
65,207.38,25.31,pedestrian_1
65,207.38,20.3,pedestrian_2
65,206.72,21.73,pedestrian_3
66,195.2,370.09,0
66,307.45,201.6,flow19.0
66,204.8,38.13,flow5.0
66,201.6,31.03,flow6.0
66,198.4,342.82,flow7.0
66,198.4,360.43,flow8.0
66,280.98,204.8,flow9.0
66,207.38,25.39,pedestrian_1
66,207.38,20.37,pedestrian_2
66,206.72,21.82,pedestrian_3
67,195.2,369.91,0
67,306.8,201.6,flow19.0
67,204.8,38.34,flow5.0
67,201.6,31.29,flow6.0
67,198.4,342.2,flow7.0
67,198.4,359.76,flow8.0
67,280.19,204.8,flow9.0
67,207.38,25.49,pedestrian_1
67,207.38,20.44,pedestrian_2
67,206.72,21.91,pedestrian_3
68,195.2,369.73,0
68,306.15,201.6,flow19.0
68,204.8,38.55,flow5.0
68,201.6,31.55,flow6.0
68,198.4,341.58,flow7.0
68,198.4,359.09,flow8.0
68,279.39,204.8,flow9.0
68,207.38,25.59,pedestrian_1
68,207.38,20.51,pedestrian_2
68,206.72,22.01,pedestrian_3
69,195.2,369.55,0
69,305.5,201.6,flow19.0
69,204.8,38.76,flow5.0
69,201.6,31.81,flow6.0
69,198.4,340.96,flow7.0
69,198.4,358.43,flow8.0
69,278.6,204.8,flow9.0
69,207.38,25.69,pedestrian_1
69,207.38,20.57,pedestrian_2
69,206.72,22.11,pedestrian_3
70,195.2,369.36,0
70,304.85,201.6,flow19.0
70,204.8,38.97,flow5.0
70,201.6,32.08,flow6.0
70,198.4,340.34,flow7.0
70,198.4,357.76,flow8.0
70,277.81,204.8,flow9.0
70,207.38,25.77,pedestrian_1
70,207.38,20.64,pedestrian_2
70,206.72,22.19,pedestrian_3
71,195.2,369.18,0
71,304.2,201.6,flow19.0
71,204.8,39.18,flow5.0
71,201.6,32.35,flow6.0
71,198.4,339.72,flow7.0
71,198.4,357.09,flow8.0
71,277.01,204.8,flow9.0
71,207.38,25.86,pedestrian_1
71,207.38,20.71,pedestrian_2
71,206.72,22.28,pedestrian_3
72,195.2,368.99,0
72,303.54,201.6,flow19.0
72,204.8,39.39,flow5.0
72,201.6,32.62,flow6.0
72,198.4,339.1,flow7.0
72,198.4,356.42,flow8.0
72,276.22,204.8,flow9.0
72,207.38,25.96,pedestrian_1
72,207.38,20.77,pedestrian_2
72,206.72,22.37,pedestrian_3
73,195.2,368.8,0
73,302.89,201.6,flow19.0
73,204.8,39.59,flow5.0
73,201.6,32.89,flow6.0
73,198.4,338.48,flow7.0
73,198.4,355.76,flow8.0
73,275.43,204.8,flow9.0
73,207.38,26.05,pedestrian_1
73,207.38,20.84,pedestrian_2
73,206.72,22.46,pedestrian_3
74,195.2,368.61,0
74,302.24,201.6,flow19.0
74,204.8,39.8,flow5.0
74,201.6,33.17,flow6.0
74,198.4,337.86,flow7.0
74,198.4,355.09,flow8.0
74,274.64,204.8,flow9.0
74,207.38,26.13,pedestrian_1
74,207.38,20.92,pedestrian_2
74,206.72,22.55,pedestrian_3
75,195.2,368.42,0
75,301.59,201.6,flow19.0
75,204.8,40.01,flow5.0
75,201.6,33.44,flow6.0
75,198.4,337.24,flow7.0
75,198.4,354.43,flow8.0
75,273.85,204.8,flow9.0
75,207.38,26.22,pedestrian_1
75,207.38,20.98,pedestrian_2
75,206.72,22.64,pedestrian_3
76,195.2,368.23,0
76,300.94,201.6,flow19.0
76,204.8,40.22,flow5.0
76,201.6,33.72,flow6.0
76,198.4,336.61,flow7.0
76,198.4,353.77,flow8.0
76,273.06,204.8,flow9.0
76,207.38,26.31,pedestrian_1
76,207.38,21.04,pedestrian_2
76,206.72,22.72,pedestrian_3
77,195.2,368.04,0
77,300.29,201.6,flow19.0
77,204.8,40.43,flow5.0
77,201.6,34.0,flow6.0
77,198.4,335.99,flow7.0
77,198.4,353.1,flow8.0
77,272.27,204.8,flow9.0
77,207.38,26.4,pedestrian_1
77,207.38,21.11,pedestrian_2
77,206.72,22.81,pedestrian_3
78,195.2,367.85,0
78,299.64,201.6,flow19.0
78,204.8,40.64,flow5.0
78,201.6,34.29,flow6.0
78,198.4,335.37,flow7.0
78,198.4,352.44,flow8.0
78,271.47,204.8,flow9.0
78,207.38,26.49,pedestrian_1
78,207.38,21.18,pedestrian_2
78,206.72,22.9,pedestrian_3
79,195.2,367.65,0
79,298.99,201.6,flow19.0
79,204.8,40.85,flow5.0
79,201.6,34.57,flow6.0
79,198.4,334.74,flow7.0
79,198.4,351.78,flow8.0
79,270.69,204.8,flow9.0
79,207.38,26.57,pedestrian_1
79,207.38,21.25,pedestrian_2
79,206.72,22.98,pedestrian_3
80,195.2,367.46,0
80,298.33,201.6,flow19.0
80,204.8,41.06,flow5.0
80,201.6,34.86,flow6.0
80,198.4,334.12,flow7.0
80,198.4,351.11,flow8.0
80,269.9,204.8,flow9.0
80,207.38,26.66,pedestrian_1
80,207.38,21.31,pedestrian_2
80,206.72,23.08,pedestrian_3
81,195.2,367.26,0
81,297.68,201.6,flow19.0
81,204.8,41.27,flow5.0
81,201.6,35.15,flow6.0
81,198.4,333.5,flow7.0
81,198.4,350.46,flow8.0
81,269.11,204.8,flow9.0
81,207.38,26.75,pedestrian_1
81,207.38,21.37,pedestrian_2
81,206.72,23.17,pedestrian_3
82,195.2,367.06,0
82,297.03,201.6,flow19.0
82,204.8,41.48,flow5.0
82,201.6,35.45,flow6.0
82,198.4,332.88,flow7.0
82,198.4,349.8,flow8.0
82,268.31,204.8,flow9.0
82,207.38,26.84,pedestrian_1
82,207.38,21.43,pedestrian_2
82,206.72,23.27,pedestrian_3
83,195.2,366.86,0
83,296.37,201.6,flow19.0
83,204.8,41.69,flow5.0
83,201.6,35.74,flow6.0
83,198.4,332.25,flow7.0
83,198.4,349.14,flow8.0
83,267.52,204.8,flow9.0
83,207.38,26.93,pedestrian_1
83,207.38,21.51,pedestrian_2
83,206.72,23.36,pedestrian_3
84,195.2,366.66,0
84,295.73,201.6,flow19.0
84,204.8,41.9,flow5.0
84,201.6,36.04,flow6.0
84,198.4,331.63,flow7.0
84,198.4,348.48,flow8.0
84,266.73,204.8,flow9.0
84,207.38,27.03,pedestrian_1
84,207.38,21.57,pedestrian_2
84,206.72,23.46,pedestrian_3
85,195.2,366.46,0
85,295.07,201.6,flow19.0
85,204.8,42.11,flow5.0
85,201.6,36.35,flow6.0
85,198.4,331.01,flow7.0
85,198.4,347.83,flow8.0
85,265.94,204.8,flow9.0
85,207.38,27.11,pedestrian_1
85,207.38,21.64,pedestrian_2
85,206.72,23.56,pedestrian_3
86,195.2,366.25,0
86,294.42,201.6,flow19.0
86,204.8,42.32,flow5.0
86,201.6,36.65,flow6.0
86,198.4,330.39,flow7.0
86,198.4,347.18,flow8.0
86,265.14,204.8,flow9.0
86,207.38,27.2,pedestrian_1
86,207.38,21.71,pedestrian_2
86,206.72,23.65,pedestrian_3
87,195.2,366.05,0
87,293.77,201.6,flow19.0
87,204.8,42.52,flow5.0
87,201.6,36.96,flow6.0
87,198.4,329.77,flow7.0
87,198.4,346.52,flow8.0
87,264.35,204.8,flow9.0
87,207.38,27.29,pedestrian_1
87,207.38,21.78,pedestrian_2
87,206.72,23.74,pedestrian_3
88,195.2,365.84,0
88,293.12,201.6,flow19.0
88,204.8,42.73,flow5.0
88,201.6,37.26,flow6.0
88,198.4,329.15,flow7.0
88,198.4,345.86,flow8.0
88,263.56,204.8,flow9.0
88,207.38,27.38,pedestrian_1
88,207.38,21.85,pedestrian_2
88,206.72,23.83,pedestrian_3
89,195.2,365.63,0
89,292.47,201.6,flow19.0
89,204.8,42.94,flow5.0
89,201.6,37.57,flow6.0
89,198.4,328.53,flow7.0
89,198.4,345.21,flow8.0
89,262.77,204.8,flow9.0
89,207.38,27.47,pedestrian_1
89,207.38,21.92,pedestrian_2
89,206.72,23.93,pedestrian_3
90,195.2,365.43,0
90,291.82,201.6,flow19.0
90,204.8,43.15,flow5.0
90,201.6,37.89,flow6.0
90,198.4,327.9,flow7.0
90,198.4,344.56,flow8.0
90,261.97,204.8,flow9.0
90,207.38,27.56,pedestrian_1
90,207.38,21.98,pedestrian_2
90,206.72,24.03,pedestrian_3
91,195.2,365.22,0
91,291.17,201.6,flow19.0
91,204.8,43.36,flow5.0
91,201.6,38.2,flow6.0
91,198.4,327.28,flow7.0
91,198.4,343.91,flow8.0
91,261.18,204.8,flow9.0
91,207.38,27.66,pedestrian_1
91,207.38,22.05,pedestrian_2
91,206.72,24.11,pedestrian_3
92,195.2,365.01,0
92,290.52,201.6,flow19.0
92,204.8,43.57,flow5.0
92,201.6,38.52,flow6.0
92,198.4,326.66,flow7.0
92,198.4,343.26,flow8.0
92,260.39,204.8,flow9.0
92,207.38,27.75,pedestrian_1
92,207.38,22.12,pedestrian_2
92,206.72,24.2,pedestrian_3
93,195.2,364.8,0
93,289.87,201.6,flow19.0
93,204.8,43.78,flow5.0
93,201.6,38.84,flow6.0
93,198.4,326.04,flow7.0
93,198.4,342.6,flow8.0
93,259.6,204.8,flow9.0
93,207.38,27.83,pedestrian_1
93,207.38,22.19,pedestrian_2
93,206.72,24.29,pedestrian_3
94,195.2,364.58,0
94,289.21,201.6,flow19.0
94,204.8,43.99,flow5.0
94,201.6,39.16,flow6.0
94,198.4,325.42,flow7.0
94,198.4,341.95,flow8.0
94,258.81,204.8,flow9.0
94,207.38,27.93,pedestrian_1
94,207.38,22.25,pedestrian_2
94,206.72,24.38,pedestrian_3
95,195.2,364.37,0
95,288.57,201.6,flow19.0
95,204.8,44.2,flow5.0
95,201.6,39.48,flow6.0
95,198.4,324.8,flow7.0
95,198.4,341.31,flow8.0
95,258.02,204.8,flow9.0
95,207.38,28.02,pedestrian_1
95,207.38,22.32,pedestrian_2
95,206.72,24.48,pedestrian_3
96,195.2,364.16,0
96,287.91,201.6,flow19.0
96,204.8,44.41,flow5.0
96,201.6,39.81,flow6.0
96,198.4,324.18,flow7.0
96,198.4,340.66,flow8.0
96,257.23,204.8,flow9.0
96,207.38,28.11,pedestrian_1
96,207.38,22.39,pedestrian_2
96,206.72,24.57,pedestrian_3
97,195.2,363.94,0
97,287.26,201.6,flow19.0
97,204.8,44.62,flow5.0
97,201.6,40.14,flow6.0
97,198.4,323.55,flow7.0
97,198.4,340.01,flow8.0
97,256.43,204.8,flow9.0
97,207.38,28.19,pedestrian_1
97,207.38,22.46,pedestrian_2
97,206.72,24.67,pedestrian_3
98,195.2,363.73,0
98,286.61,201.6,flow19.0
98,204.8,44.83,flow5.0
98,201.6,40.47,flow6.0
98,198.4,322.93,flow7.0
98,198.4,339.37,flow8.0
98,255.64,204.8,flow9.0
98,207.38,28.28,pedestrian_1
98,207.38,22.53,pedestrian_2
98,206.72,24.76,pedestrian_3
99,195.2,363.51,0
99,285.96,201.6,flow19.0
99,204.8,45.04,flow5.0
99,201.6,40.8,flow6.0
99,198.4,322.31,flow7.0
99,198.4,338.72,flow8.0
99,254.85,204.8,flow9.0
99,207.38,28.36,pedestrian_1
99,207.38,22.59,pedestrian_2
99,206.72,24.85,pedestrian_3
100,195.2,363.29,0
100,285.3,201.6,flow19.0
100,204.8,45.25,flow5.0
100,201.6,41.14,flow6.0
100,198.4,321.69,flow7.0
100,198.4,338.08,flow8.0
100,254.06,204.8,flow9.0
100,207.38,28.45,pedestrian_1
100,207.38,22.66,pedestrian_2
100,206.72,24.95,pedestrian_3
101,195.2,363.07,0
101,284.66,201.6,flow19.0
101,204.8,45.45,flow5.0
101,201.6,41.48,flow6.0
101,198.4,321.07,flow7.0
101,198.4,337.43,flow8.0
101,253.27,204.8,flow9.0
101,207.38,28.54,pedestrian_1
101,207.38,22.73,pedestrian_2
101,206.72,25.04,pedestrian_3
102,195.2,362.85,0
102,284.0,201.6,flow19.0
102,204.8,45.66,flow5.0
102,201.6,41.82,flow6.0
102,198.4,320.44,flow7.0
102,198.4,336.78,flow8.0
102,252.48,204.8,flow9.0
102,207.38,28.63,pedestrian_1
102,207.38,22.8,pedestrian_2
102,206.72,25.14,pedestrian_3
103,195.2,362.63,0
103,283.35,201.6,flow19.0
103,204.8,45.87,flow5.0
103,201.6,42.16,flow6.0
103,198.4,319.83,flow7.0
103,198.4,336.14,flow8.0
103,251.68,204.8,flow9.0
103,207.38,28.72,pedestrian_1
103,207.38,22.87,pedestrian_2
103,206.72,25.23,pedestrian_3
104,195.2,362.41,0
104,282.7,201.6,flow19.0
104,204.8,46.08,flow5.0
104,201.6,42.5,flow6.0
104,198.4,319.2,flow7.0
104,198.4,335.49,flow8.0
104,250.89,204.8,flow9.0
104,207.38,28.8,pedestrian_1
104,207.38,22.94,pedestrian_2
104,206.72,25.33,pedestrian_3
105,195.2,362.19,0
105,282.05,201.6,flow19.0
105,204.8,46.29,flow5.0
105,201.6,42.85,flow6.0
105,198.4,318.58,flow7.0
105,198.4,334.85,flow8.0
105,250.1,204.8,flow9.0
105,207.38,28.89,pedestrian_1
105,207.38,23.0,pedestrian_2
105,206.72,25.41,pedestrian_3
106,195.2,361.96,0
106,281.4,201.6,flow19.0
106,204.8,46.5,flow5.0
106,201.6,43.19,flow6.0
106,198.4,317.95,flow7.0
106,198.4,334.21,flow8.0
106,249.31,204.8,flow9.0
106,207.38,28.98,pedestrian_1
106,207.38,23.07,pedestrian_2
106,206.72,25.5,pedestrian_3
107,195.2,361.73,0
107,280.75,201.6,flow19.0
107,204.8,46.71,flow5.0
107,201.6,43.54,flow6.0
107,198.4,317.34,flow7.0
107,198.4,333.56,flow8.0
107,248.52,204.8,flow9.0
107,207.38,29.07,pedestrian_1
107,207.38,23.14,pedestrian_2
107,206.72,25.58,pedestrian_3
108,195.2,361.5,0
108,280.1,201.6,flow19.0
108,204.8,46.92,flow5.0
108,201.6,43.88,flow6.0
108,198.4,316.72,flow7.0
108,198.4,332.92,flow8.0
108,247.72,204.8,flow9.0
108,207.38,29.15,pedestrian_1
108,207.38,23.2,pedestrian_2
108,206.72,25.67,pedestrian_3
109,195.2,361.28,0
109,279.45,201.6,flow19.0
109,204.8,47.13,flow5.0
109,201.6,44.22,flow6.0
109,198.4,316.09,flow7.0
109,198.4,332.29,flow8.0
109,246.93,204.8,flow9.0
109,207.38,29.24,pedestrian_1
109,207.38,23.26,pedestrian_2
109,206.72,25.76,pedestrian_3
110,195.2,361.05,0
110,278.8,201.6,flow19.0
110,204.8,47.34,flow5.0
110,201.6,44.57,flow6.0
110,198.4,315.47,flow7.0
110,198.4,331.64,flow8.0
110,246.13,204.8,flow9.0
110,207.38,29.32,pedestrian_1
110,207.38,23.33,pedestrian_2
110,206.72,25.86,pedestrian_3
111,195.2,360.81,0
111,278.15,201.6,flow19.0
111,204.8,47.55,flow5.0
111,201.6,44.91,flow6.0
111,198.4,314.85,flow7.0
111,198.4,330.99,flow8.0
111,245.34,204.8,flow9.0
111,207.38,29.41,pedestrian_1
111,207.38,23.39,pedestrian_2
111,206.72,25.94,pedestrian_3
112,195.2,360.58,0
112,277.5,201.6,flow19.0
112,204.8,47.76,flow5.0
112,201.6,45.26,flow6.0
112,198.4,314.23,flow7.0
112,198.4,330.35,flow8.0
112,244.55,204.8,flow9.0
112,207.38,29.49,pedestrian_1
112,207.38,23.46,pedestrian_2
112,206.72,26.04,pedestrian_3
113,195.2,360.35,0
113,276.85,201.6,flow19.0
113,204.8,47.97,flow5.0
113,201.6,45.6,flow6.0
113,198.4,313.61,flow7.0
113,198.4,329.71,flow8.0
113,243.76,204.8,flow9.0
113,207.38,29.58,pedestrian_1
113,207.38,23.52,pedestrian_2
113,206.72,26.13,pedestrian_3
114,195.2,360.11,0
114,276.2,201.6,flow19.0
114,204.8,48.18,flow5.0
114,201.6,45.95,flow6.0
114,198.4,312.99,flow7.0
114,198.4,329.07,flow8.0
114,242.96,204.8,flow9.0
114,207.38,29.67,pedestrian_1
114,207.38,23.58,pedestrian_2
114,206.72,26.22,pedestrian_3
115,195.2,359.88,0
115,275.55,201.6,flow19.0
115,204.8,48.39,flow5.0
115,201.6,46.29,flow6.0
115,198.4,312.37,flow7.0
115,198.4,328.43,flow8.0
115,242.17,204.8,flow9.0
115,207.38,29.75,pedestrian_1
115,207.38,23.65,pedestrian_2
115,206.72,26.31,pedestrian_3
116,195.2,359.64,0
116,274.9,201.6,flow19.0
116,204.8,48.59,flow5.0
116,201.6,46.63,flow6.0
116,198.4,311.74,flow7.0
116,198.4,327.79,flow8.0
116,241.38,204.8,flow9.0
116,207.38,29.83,pedestrian_1
116,207.38,23.72,pedestrian_2
116,206.72,26.39,pedestrian_3
117,195.2,359.4,0
117,274.25,201.6,flow19.0
117,204.8,48.8,flow5.0
117,201.6,46.98,flow6.0
117,198.4,311.12,flow7.0
117,198.4,327.16,flow8.0
117,240.58,204.8,flow9.0
117,207.38,29.93,pedestrian_1
117,207.38,23.79,pedestrian_2
117,206.72,26.49,pedestrian_3
118,195.2,359.16,0
118,273.6,201.6,flow19.0
118,204.8,49.01,flow5.0
118,201.6,47.32,flow6.0
118,198.4,310.5,flow7.0
118,198.4,326.52,flow8.0
118,239.79,204.8,flow9.0
118,207.38,30.01,pedestrian_1
118,207.38,23.86,pedestrian_2
118,206.72,26.58,pedestrian_3
119,195.2,358.92,0
119,272.95,201.6,flow19.0
119,204.8,49.22,flow5.0
119,201.6,47.67,flow6.0
119,198.4,309.88,flow7.0
119,198.4,325.88,flow8.0
119,239.0,204.8,flow9.0
119,207.38,30.1,pedestrian_1
119,207.38,23.93,pedestrian_2
119,206.72,26.68,pedestrian_3
120,195.2,358.68,0
120,272.3,201.6,flow19.0
120,204.8,49.43,flow5.0
120,201.6,48.01,flow6.0
120,198.4,309.25,flow7.0
120,198.4,325.25,flow8.0
120,238.21,204.8,flow9.0
120,207.38,30.2,pedestrian_1
120,207.38,24.0,pedestrian_2
120,206.72,26.76,pedestrian_3
121,195.2,358.44,0
121,271.64,201.6,flow19.0
121,204.8,49.64,flow5.0
121,201.6,48.35,flow6.0
121,198.4,308.63,flow7.0
121,198.4,324.61,flow8.0
121,237.42,204.8,flow9.0
121,207.38,30.29,pedestrian_1
121,207.38,24.06,pedestrian_2
121,206.72,26.86,pedestrian_3
122,195.2,358.2,0
122,270.99,201.6,flow19.0
122,204.8,49.85,flow5.0
122,201.6,48.7,flow6.0
122,198.4,308.01,flow7.0
122,198.4,323.97,flow8.0
122,236.62,204.8,flow9.0
122,207.38,30.37,pedestrian_1
122,207.38,24.13,pedestrian_2
122,206.72,26.95,pedestrian_3
123,195.2,357.96,0
123,270.34,201.6,flow19.0
123,204.8,50.06,flow5.0
123,201.6,49.04,flow6.0
123,198.4,307.39,flow7.0
123,198.4,323.33,flow8.0
123,235.83,204.8,flow9.0
123,207.38,30.46,pedestrian_1
123,207.38,24.19,pedestrian_2
123,206.72,27.05,pedestrian_3
124,195.2,357.71,0
124,269.69,201.6,flow19.0
124,204.8,50.27,flow5.0
124,201.6,49.39,flow6.0
124,198.4,306.76,flow7.0
124,198.4,322.7,flow8.0
124,235.04,204.8,flow9.0
124,207.38,30.55,pedestrian_1
124,207.38,24.26,pedestrian_2
124,206.72,27.13,pedestrian_3
125,195.2,357.47,0
125,269.04,201.6,flow19.0
125,204.8,50.48,flow5.0
125,201.6,49.73,flow6.0
125,198.4,306.14,flow7.0
125,198.4,322.07,flow8.0
125,234.25,204.8,flow9.0
125,207.38,30.63,pedestrian_1
125,207.38,24.33,pedestrian_2
125,206.72,27.23,pedestrian_3
126,195.2,357.22,0
126,268.39,201.6,flow19.0
126,204.8,50.69,flow5.0
126,201.6,50.08,flow6.0
126,198.4,305.51,flow7.0
126,198.4,321.43,flow8.0
126,233.45,204.8,flow9.0
126,207.38,30.72,pedestrian_1
126,207.38,24.4,pedestrian_2
126,206.72,27.32,pedestrian_3
127,195.2,356.97,0
127,267.74,201.6,flow19.0
127,204.8,50.9,flow5.0
127,201.6,50.42,flow6.0
127,198.4,304.89,flow7.0
127,198.4,320.79,flow8.0
127,232.66,204.8,flow9.0
127,207.38,30.81,pedestrian_1
127,207.38,24.46,pedestrian_2
127,206.72,27.41,pedestrian_3
128,195.2,356.73,0
128,267.09,201.6,flow19.0
128,204.8,51.11,flow5.0
128,201.6,50.76,flow6.0
128,198.4,304.27,flow7.0
128,198.4,320.16,flow8.0
128,231.87,204.8,flow9.0
128,207.38,30.89,pedestrian_1
128,207.38,24.53,pedestrian_2
128,206.72,27.51,pedestrian_3
129,195.2,356.48,0
129,266.43,201.6,flow19.0
129,204.8,51.32,flow5.0
129,201.6,51.11,flow6.0
129,198.4,303.65,flow7.0
129,198.4,319.53,flow8.0
129,231.08,204.8,flow9.0
129,207.38,30.99,pedestrian_1
129,207.38,24.6,pedestrian_2
129,206.72,27.6,pedestrian_3
130,195.2,356.23,0
130,265.78,201.6,flow19.0
130,204.8,51.53,flow5.0
130,201.6,51.45,flow6.0
130,198.4,303.03,flow7.0
130,198.4,318.89,flow8.0
130,230.29,204.8,flow9.0
130,207.38,31.08,pedestrian_1
130,207.38,24.66,pedestrian_2
130,206.72,27.7,pedestrian_3
131,195.2,355.98,0
131,265.12,201.6,flow19.0
131,204.8,51.73,flow5.0
131,201.6,51.8,flow6.0
131,198.4,302.4,flow7.0
131,198.4,318.26,flow8.0
131,229.49,204.8,flow9.0
131,207.38,31.16,pedestrian_1
131,207.38,24.73,pedestrian_2
131,206.72,27.79,pedestrian_3
132,195.2,355.72,0
132,264.47,201.6,flow19.0
132,204.8,51.94,flow5.0
132,201.6,52.14,flow6.0
132,198.4,301.79,flow7.0
132,198.4,317.62,flow8.0
132,228.7,204.8,flow9.0
132,207.38,31.25,pedestrian_1
132,207.38,24.79,pedestrian_2
132,206.72,27.88,pedestrian_3
133,195.2,355.47,0
133,263.82,201.6,flow19.0
133,204.8,52.15,flow5.0
133,201.6,52.48,flow6.0
133,198.4,301.16,flow7.0
133,198.4,316.99,flow8.0
133,227.9,204.8,flow9.0
133,207.38,31.35,pedestrian_1
133,207.38,24.86,pedestrian_2
133,206.72,27.97,pedestrian_3
134,195.2,355.21,0
134,263.16,201.6,flow19.0
134,204.8,52.36,flow5.0
134,201.6,52.83,flow6.0
134,198.4,300.54,flow7.0
134,198.4,316.36,flow8.0
134,227.12,204.8,flow9.0
134,207.38,31.44,pedestrian_1
134,207.38,24.94,pedestrian_2
134,206.72,28.06,pedestrian_3
135,195.2,354.96,0
135,262.51,201.6,flow19.0
135,204.8,52.57,flow5.0
135,201.6,53.17,flow6.0
135,198.4,299.92,flow7.0
135,198.4,315.72,flow8.0
135,226.32,204.8,flow9.0
135,207.38,31.54,pedestrian_1
135,207.38,25.0,pedestrian_2
135,206.72,28.15,pedestrian_3
136,195.2,354.7,0
136,261.85,201.6,flow19.0
136,204.8,52.78,flow5.0
136,201.6,53.52,flow6.0
136,198.4,299.3,flow7.0
136,198.4,315.09,flow8.0
136,225.53,204.8,flow9.0
136,207.38,31.62,pedestrian_1
136,207.38,25.06,pedestrian_2
136,206.72,28.24,pedestrian_3
137,195.2,354.44,0
137,261.21,201.6,flow19.0
137,204.8,52.99,flow5.0
137,201.6,53.86,flow6.0
137,198.4,298.68,flow7.0
137,198.4,314.46,flow8.0
137,224.74,204.8,flow9.0
137,207.38,31.72,pedestrian_1
137,207.38,25.13,pedestrian_2
137,206.72,28.32,pedestrian_3
138,195.2,354.19,0
138,260.56,201.6,flow19.0
138,204.8,53.2,flow5.0
138,201.6,54.2,flow6.0
138,198.4,298.06,flow7.0
138,198.4,313.83,flow8.0
138,223.95,204.8,flow9.0
138,207.38,31.82,pedestrian_1
138,207.38,25.2,pedestrian_2
138,206.72,28.4,pedestrian_3
139,195.2,353.93,0
139,259.9,201.6,flow19.0
139,204.8,53.41,flow5.0
139,201.6,54.55,flow6.0
139,198.4,297.43,flow7.0
139,198.4,313.2,flow8.0
139,223.15,204.8,flow9.0
139,207.38,31.91,pedestrian_1
139,207.38,25.26,pedestrian_2
139,206.72,28.5,pedestrian_3
140,195.2,353.67,0
140,259.25,201.6,flow19.0
140,204.8,53.62,flow5.0
140,201.6,54.89,flow6.0
140,198.4,296.82,flow7.0
140,198.4,312.56,flow8.0
140,222.36,204.8,flow9.0
140,207.38,31.99,pedestrian_1
140,207.38,25.33,pedestrian_2
140,206.72,28.6,pedestrian_3
141,195.2,353.4,0
141,258.6,201.6,flow19.0
141,204.8,53.83,flow5.0
141,201.6,55.24,flow6.0
141,198.4,296.19,flow7.0
141,198.4,311.93,flow8.0
141,221.57,204.8,flow9.0
141,207.38,32.08,pedestrian_1
141,207.38,25.4,pedestrian_2
141,206.72,28.69,pedestrian_3
142,195.2,353.14,0
142,257.95,201.6,flow19.0
142,204.8,54.04,flow5.0
142,201.6,55.58,flow6.0
142,198.4,295.57,flow7.0
142,198.4,311.3,flow8.0
142,220.78,204.8,flow9.0
142,207.38,32.18,pedestrian_1
142,207.38,25.47,pedestrian_2
142,206.72,28.77,pedestrian_3
143,195.2,352.88,0
143,257.3,201.6,flow19.0
143,204.8,54.25,flow5.0
143,201.6,55.93,flow6.0
143,198.4,294.95,flow7.0
143,198.4,310.67,flow8.0
143,219.99,204.8,flow9.0
143,207.38,32.27,pedestrian_1
143,207.38,25.54,pedestrian_2
143,206.72,28.86,pedestrian_3
144,195.2,352.62,0
144,256.64,201.6,flow19.0
144,204.8,54.45,flow5.0
144,201.6,56.27,flow6.0
144,198.4,294.33,flow7.0
144,198.4,310.03,flow8.0
144,219.2,204.8,flow9.0
144,207.38,32.36,pedestrian_1
144,207.38,25.61,pedestrian_2
144,206.72,28.95,pedestrian_3
145,195.2,352.35,0
145,255.99,201.6,flow19.0
145,204.8,54.66,flow5.0
145,201.6,56.61,flow6.0
145,198.4,293.71,flow7.0
145,198.4,309.4,flow8.0
145,218.41,204.8,flow9.0
145,207.38,32.45,pedestrian_1
145,207.38,25.67,pedestrian_2
145,206.72,29.04,pedestrian_3
146,195.2,352.08,0
146,255.34,201.6,flow19.0
146,204.8,54.87,flow5.0
146,201.6,56.96,flow6.0
146,198.4,293.09,flow7.0
146,198.4,308.77,flow8.0
146,217.61,204.8,flow9.0
146,207.38,32.54,pedestrian_1
146,207.38,25.74,pedestrian_2
146,206.72,29.13,pedestrian_3
147,195.2,351.82,0
147,254.69,201.6,flow19.0
147,204.8,55.08,flow5.0
147,201.6,57.3,flow6.0
147,198.4,292.47,flow7.0
147,198.4,308.15,flow8.0
147,216.82,204.8,flow9.0
147,207.38,32.63,pedestrian_1
147,207.38,25.81,pedestrian_2
147,206.72,29.21,pedestrian_3
148,195.2,351.55,0
148,254.04,201.6,flow19.0
148,204.8,55.29,flow5.0
148,201.6,57.65,flow6.0
148,198.4,291.84,flow7.0
148,198.4,307.51,flow8.0
148,216.03,204.8,flow9.0
148,207.38,32.72,pedestrian_1
148,207.38,25.87,pedestrian_2
148,206.72,29.3,pedestrian_3
149,195.2,351.28,0
149,253.39,201.6,flow19.0
149,204.8,55.5,flow5.0
149,201.6,57.99,flow6.0
149,198.4,291.23,flow7.0
149,198.4,306.88,flow8.0
149,215.24,204.8,flow9.0
149,207.38,32.81,pedestrian_1
149,207.38,25.94,pedestrian_2
149,206.72,29.39,pedestrian_3
150,195.2,351.01,0
150,252.74,201.6,flow19.0
150,204.8,55.71,flow5.0
150,201.6,58.34,flow6.0
150,198.4,290.6,flow7.0
150,198.4,306.25,flow8.0
150,214.45,204.8,flow9.0
150,207.38,32.91,pedestrian_1
150,207.38,26.01,pedestrian_2
150,206.72,29.48,pedestrian_3
151,195.2,350.74,0
151,252.09,201.6,flow19.0
151,204.8,55.92,flow5.0
151,201.6,58.68,flow6.0
151,198.4,289.98,flow7.0
151,198.4,305.62,flow8.0
151,213.65,204.8,flow9.0
151,207.38,32.99,pedestrian_1
151,207.38,26.07,pedestrian_2
151,206.72,29.56,pedestrian_3
152,195.2,350.47,0
152,251.44,201.6,flow19.0
152,204.8,56.13,flow5.0
152,201.6,59.03,flow6.0
152,198.4,289.36,flow7.0
152,198.4,304.99,flow8.0
152,212.86,204.8,flow9.0
152,207.38,33.09,pedestrian_1
152,207.38,26.14,pedestrian_2
152,206.72,29.65,pedestrian_3
153,195.2,350.2,0
153,250.79,201.6,flow19.0
153,204.8,56.34,flow5.0
153,201.6,59.37,flow6.0
153,198.4,288.74,flow7.0
153,198.4,304.36,flow8.0
153,212.07,204.8,flow9.0
153,207.38,33.18,pedestrian_1
153,207.38,26.21,pedestrian_2
153,206.72,29.75,pedestrian_3
154,195.2,349.92,0
154,250.14,201.6,flow19.0
154,204.8,56.55,flow5.0
154,201.6,59.71,flow6.0
154,198.4,288.12,flow7.0
154,198.4,303.73,flow8.0
154,211.28,204.8,flow9.0
154,207.38,33.26,pedestrian_1
154,207.38,26.28,pedestrian_2
154,206.72,29.84,pedestrian_3
155,195.2,349.64,0
155,249.48,201.6,flow19.0
155,204.8,56.76,flow5.0
155,201.6,60.06,flow6.0
155,198.4,287.49,flow7.0
155,198.4,303.11,flow8.0
155,210.48,204.8,flow9.0
155,207.38,33.35,pedestrian_1
155,207.38,26.35,pedestrian_2
155,206.72,29.92,pedestrian_3
156,195.2,349.36,0
156,248.83,201.6,flow19.0
156,204.8,56.97,flow5.0
156,201.6,60.4,flow6.0
156,198.4,286.87,flow7.0
156,198.4,302.47,flow8.0
156,209.69,204.8,flow9.0
156,207.38,33.44,pedestrian_1
156,207.38,26.42,pedestrian_2
156,206.72,30.01,pedestrian_3
157,195.2,349.09,0
157,248.18,201.6,flow19.0
157,204.8,57.18,flow5.0
157,201.6,60.75,flow6.0
157,198.4,286.25,flow7.0
157,198.4,301.85,flow8.0
157,208.9,204.8,flow9.0
157,207.38,33.53,pedestrian_1
157,207.38,26.48,pedestrian_2
157,206.72,30.1,pedestrian_3
158,195.2,348.81,0
158,247.53,201.6,flow19.0
158,204.8,57.39,flow5.0
158,201.6,61.09,flow6.0
158,198.4,285.63,flow7.0
158,198.4,301.22,flow8.0
158,208.11,204.8,flow9.0
158,207.38,33.62,pedestrian_1
158,207.38,26.55,pedestrian_2
158,206.72,30.19,pedestrian_3
159,195.2,348.53,0
159,246.87,201.6,flow19.0
159,204.8,57.59,flow5.0
159,201.6,61.43,flow6.0
159,198.4,285.0,flow7.0
159,198.4,300.58,flow8.0
159,207.31,204.8,flow9.0
159,207.38,33.71,pedestrian_1
159,207.38,26.62,pedestrian_2
159,206.72,30.28,pedestrian_3
160,195.2,348.25,0
160,246.22,201.6,flow19.0
160,204.8,57.8,flow5.0
160,201.6,61.78,flow6.0
160,198.4,284.38,flow7.0
160,198.4,299.96,flow8.0
160,206.52,204.8,flow9.0
160,207.38,33.8,pedestrian_1
160,207.38,26.69,pedestrian_2
160,206.72,30.38,pedestrian_3
161,195.2,347.97,0
161,245.57,201.6,flow19.0
161,204.8,58.01,flow5.0
161,201.6,62.12,flow6.0
161,198.4,283.76,flow7.0
161,198.4,299.33,flow8.0
161,205.73,204.8,flow9.0
161,207.38,33.89,pedestrian_1
161,207.38,26.76,pedestrian_2
161,206.72,30.48,pedestrian_3
162,195.2,347.69,0
162,244.92,201.6,flow19.0
162,204.8,58.22,flow5.0
162,201.6,62.47,flow6.0
162,198.4,283.14,flow7.0
162,198.4,298.7,flow8.0
162,204.93,204.8,flow9.0
162,207.38,33.99,pedestrian_1
162,207.38,26.83,pedestrian_2
162,206.72,30.56,pedestrian_3
163,195.2,347.41,0
163,244.27,201.6,flow19.0
163,204.8,58.43,flow5.0
163,201.6,62.81,flow6.0
163,198.4,282.52,flow7.0
163,198.4,298.07,flow8.0
163,204.14,204.8,flow9.0
163,207.38,34.08,pedestrian_1
163,207.38,26.9,pedestrian_2
163,206.72,30.65,pedestrian_3
164,195.2,347.13,0
164,243.62,201.6,flow19.0
164,204.8,58.64,flow5.0
164,201.6,63.16,flow6.0
164,198.4,281.9,flow7.0
164,198.4,297.45,flow8.0
164,203.35,204.8,flow9.0
164,207.38,34.17,pedestrian_1
164,207.38,26.96,pedestrian_2
164,206.72,30.73,pedestrian_3
165,195.2,346.85,0
165,242.96,201.6,flow19.0
165,204.8,58.85,flow5.0
165,201.6,63.5,flow6.0
165,198.4,281.28,flow7.0
165,198.4,296.82,flow8.0
165,202.55,204.8,flow9.0
165,207.38,34.26,pedestrian_1
165,207.38,27.02,pedestrian_2
165,206.72,30.81,pedestrian_3
166,195.2,346.56,0
166,242.31,201.6,flow19.0
166,204.8,59.06,flow5.0
166,201.6,63.84,flow6.0
166,198.4,280.66,flow7.0
166,198.4,296.2,flow8.0
166,201.76,204.8,flow9.0
166,207.38,34.35,pedestrian_1
166,207.38,27.09,pedestrian_2
166,206.72,30.91,pedestrian_3
167,195.2,346.28,0
167,241.66,201.6,flow19.0
167,204.8,59.27,flow5.0
167,201.6,64.19,flow6.0
167,198.4,280.03,flow7.0
167,198.4,295.57,flow8.0
167,200.96,204.8,flow9.0
167,207.38,34.43,pedestrian_1
167,207.38,27.16,pedestrian_2
167,206.72,31.0,pedestrian_3
168,195.2,346.0,0
168,241.01,201.6,flow19.0
168,204.8,59.48,flow5.0
168,201.6,64.53,flow6.0
168,198.4,279.41,flow7.0
168,198.4,294.94,flow8.0
168,200.17,204.8,flow9.0
168,207.38,34.52,pedestrian_1
168,207.38,27.23,pedestrian_2
168,206.72,31.08,pedestrian_3
169,195.2,345.71,0
169,240.35,201.6,flow19.0
169,204.8,59.69,flow5.0
169,201.6,64.88,flow6.0
169,198.4,278.79,flow7.0
169,198.4,294.32,flow8.0
169,199.38,204.8,flow9.0
169,207.38,34.6,pedestrian_1
169,207.38,27.3,pedestrian_2
169,206.72,31.17,pedestrian_3
170,195.2,345.42,0
170,239.7,201.6,flow19.0
170,204.8,59.9,flow5.0
170,201.6,65.22,flow6.0
170,198.4,278.16,flow7.0
170,198.4,293.69,flow8.0
170,198.59,204.8,flow9.0
170,207.38,34.69,pedestrian_1
170,207.38,27.38,pedestrian_2
170,206.72,31.26,pedestrian_3
171,195.2,345.13,0
171,239.05,201.6,flow19.0
171,204.8,60.11,flow5.0
171,201.6,65.56,flow6.0
171,198.4,277.54,flow7.0
171,198.4,293.06,flow8.0
171,197.79,204.8,flow9.0
171,207.38,34.78,pedestrian_1
171,207.38,27.44,pedestrian_2
171,206.72,31.35,pedestrian_3
172,195.2,344.84,0
172,238.39,201.6,flow19.0
172,204.8,60.31,flow5.0
172,201.6,65.91,flow6.0
172,198.4,276.93,flow7.0
172,198.4,292.44,flow8.0
172,197.0,204.8,flow9.0
172,207.38,34.87,pedestrian_1
172,207.38,27.51,pedestrian_2
172,206.72,31.44,pedestrian_3
173,195.2,344.55,0
173,237.74,201.6,flow19.0
173,204.8,60.52,flow5.0
173,201.6,66.25,flow6.0
173,198.4,276.31,flow7.0
173,198.4,291.81,flow8.0
173,196.2,204.8,flow9.0
173,207.38,34.95,pedestrian_1
173,207.38,27.58,pedestrian_2
173,206.72,31.54,pedestrian_3
174,195.2,344.26,0
174,237.09,201.6,flow19.0
174,204.8,60.73,flow5.0
174,201.6,66.6,flow6.0
174,198.4,275.69,flow7.0
174,198.4,291.18,flow8.0
174,195.41,204.8,flow9.0
174,207.38,35.04,pedestrian_1
174,207.38,27.65,pedestrian_2
174,206.72,31.62,pedestrian_3
175,195.2,343.96,0
175,236.44,201.6,flow19.0
175,204.8,60.94,flow5.0
175,201.6,66.94,flow6.0
175,198.4,275.06,flow7.0
175,198.4,290.56,flow8.0
175,194.62,204.8,flow9.0
175,207.38,35.12,pedestrian_1
175,207.38,27.71,pedestrian_2
175,206.72,31.72,pedestrian_3
176,195.2,343.66,0
176,235.79,201.6,flow19.0
176,204.8,61.15,flow5.0
176,201.6,67.29,flow6.0
176,198.4,274.44,flow7.0
176,198.4,289.93,flow8.0
176,193.82,204.8,flow9.0
176,207.38,35.22,pedestrian_1
176,207.38,27.79,pedestrian_2
176,206.72,31.81,pedestrian_3
177,195.2,343.37,0
177,235.14,201.6,flow19.0
177,204.8,61.36,flow5.0
177,201.6,67.63,flow6.0
177,198.4,273.82,flow7.0
177,198.4,289.31,flow8.0
177,193.03,204.8,flow9.0
177,207.38,35.31,pedestrian_1
177,207.38,27.86,pedestrian_2
177,206.72,31.9,pedestrian_3
178,195.2,343.07,0
178,234.49,201.6,flow19.0
178,204.8,61.57,flow5.0
178,201.6,67.97,flow6.0
178,198.4,273.2,flow7.0
178,198.4,288.68,flow8.0
178,192.24,204.8,flow9.0
178,207.38,35.4,pedestrian_1
178,207.38,27.93,pedestrian_2
178,206.72,32.0,pedestrian_3
179,195.2,342.77,0
179,233.83,201.6,flow19.0
179,204.8,61.78,flow5.0
179,201.6,68.32,flow6.0
179,198.4,272.57,flow7.0
179,198.4,288.06,flow8.0
179,191.45,204.8,flow9.0
179,207.38,35.49,pedestrian_1
179,207.38,27.99,pedestrian_2
179,206.72,32.09,pedestrian_3
180,195.2,342.47,0
180,233.19,201.6,flow19.0
180,204.8,61.99,flow5.0
180,201.6,68.66,flow6.0
180,198.4,271.95,flow7.0
180,198.4,287.43,flow8.0
180,190.66,204.8,flow9.0
180,207.38,35.58,pedestrian_1
180,207.38,28.06,pedestrian_2
180,206.72,32.19,pedestrian_3
181,195.2,342.17,0
181,232.53,201.6,flow19.0
181,204.8,62.2,flow5.0
181,201.6,69.01,flow6.0
181,198.4,271.33,flow7.0
181,198.4,286.8,flow8.0
181,189.86,204.8,flow9.0
181,207.38,35.66,pedestrian_1
181,207.38,28.12,pedestrian_2
181,206.72,32.29,pedestrian_3
182,195.2,341.87,0
182,231.88,201.6,flow19.0
182,204.8,62.41,flow5.0
182,201.6,69.35,flow6.0
182,198.4,270.71,flow7.0
182,198.4,286.17,flow8.0
182,189.07,204.8,flow9.0
182,207.38,35.76,pedestrian_1
182,207.38,28.19,pedestrian_2
182,206.72,32.38,pedestrian_3
183,195.2,341.56,0
183,231.23,201.6,flow19.0
183,204.8,62.62,flow5.0
183,201.6,69.69,flow6.0
183,198.4,270.09,flow7.0
183,198.4,285.55,flow8.0
183,188.28,204.8,flow9.0
183,207.38,35.86,pedestrian_1
183,207.38,28.26,pedestrian_2
183,206.72,32.47,pedestrian_3
184,195.2,341.26,0
184,230.58,201.6,flow19.0
184,204.8,62.82,flow5.0
184,201.6,70.04,flow6.0
184,198.4,269.47,flow7.0
184,198.4,284.92,flow8.0
184,187.49,204.8,flow9.0
184,207.38,35.94,pedestrian_1
184,207.38,28.32,pedestrian_2
184,206.72,32.56,pedestrian_3
185,195.2,340.95,0
185,229.92,201.6,flow19.0
185,204.8,63.03,flow5.0
185,201.6,70.38,flow6.0
185,198.4,268.85,flow7.0
185,198.4,284.3,flow8.0
185,186.7,204.8,flow9.0
185,207.38,36.03,pedestrian_1
185,207.38,28.39,pedestrian_2
185,206.72,32.65,pedestrian_3
186,195.2,340.65,0
186,229.27,201.6,flow19.0
186,204.8,63.24,flow5.0
186,201.6,70.73,flow6.0
186,198.4,268.22,flow7.0
186,198.4,283.68,flow8.0
186,185.9,204.8,flow9.0
186,207.38,36.13,pedestrian_1
186,207.38,28.46,pedestrian_2
186,206.72,32.73,pedestrian_3
187,195.2,340.34,0
187,228.62,201.6,flow19.0
187,204.8,63.45,flow5.0
187,201.6,71.07,flow6.0
187,198.4,267.6,flow7.0
187,198.4,283.05,flow8.0
187,185.11,204.8,flow9.0
187,207.38,36.22,pedestrian_1
187,207.38,28.53,pedestrian_2
187,206.72,32.82,pedestrian_3
188,195.2,340.03,0
188,227.97,201.6,flow19.0
188,204.8,63.66,flow5.0
188,201.6,71.41,flow6.0
188,198.4,266.98,flow7.0
188,198.4,282.43,flow8.0
188,184.32,204.8,flow9.0
188,207.38,36.31,pedestrian_1
188,207.38,28.6,pedestrian_2
188,206.72,32.9,pedestrian_3
189,195.2,339.73,0
189,227.32,201.6,flow19.0
189,204.8,63.87,flow5.0
189,201.6,71.76,flow6.0
189,198.4,266.36,flow7.0
189,198.4,281.8,flow8.0
189,183.52,204.8,flow9.0
189,207.38,36.4,pedestrian_1
189,207.38,28.67,pedestrian_2
189,206.72,32.99,pedestrian_3
190,195.2,339.42,0
190,226.67,201.6,flow19.0
190,204.8,64.08,flow5.0
190,201.6,72.1,flow6.0
190,198.4,265.74,flow7.0
190,198.4,281.18,flow8.0
190,182.73,204.8,flow9.0
190,207.38,36.49,pedestrian_1
190,207.38,28.74,pedestrian_2
190,206.72,33.08,pedestrian_3
191,195.2,339.11,0
191,226.02,201.6,flow19.0
191,204.8,64.29,flow5.0
191,201.6,72.45,flow6.0
191,198.4,265.12,flow7.0
191,198.4,280.55,flow8.0
191,181.93,204.8,flow9.0
191,207.38,36.58,pedestrian_1
191,207.38,28.8,pedestrian_2
191,206.72,33.16,pedestrian_3
192,195.2,338.8,0
192,225.36,201.6,flow19.0
192,204.8,64.5,flow5.0
192,201.6,72.79,flow6.0
192,198.4,264.5,flow7.0
192,198.4,279.93,flow8.0
192,181.14,204.8,flow9.0
192,207.38,36.66,pedestrian_1
192,207.38,28.87,pedestrian_2
192,206.72,33.25,pedestrian_3
193,195.2,338.49,0
193,224.71,201.6,flow19.0
193,204.8,64.71,flow5.0
193,201.6,73.14,flow6.0
193,198.4,263.88,flow7.0
193,198.4,279.3,flow8.0
193,180.34,204.8,flow9.0
193,207.38,36.75,pedestrian_1
193,207.38,28.93,pedestrian_2
193,206.72,33.34,pedestrian_3
194,195.2,338.17,0
194,224.06,201.6,flow19.0
194,204.8,64.92,flow5.0
194,201.6,73.48,flow6.0
194,198.4,263.25,flow7.0
194,198.4,278.68,flow8.0
194,179.55,204.8,flow9.0
194,207.38,36.85,pedestrian_1
194,207.38,29.0,pedestrian_2
194,206.72,33.44,pedestrian_3
195,195.2,337.86,0
195,223.41,201.6,flow19.0
195,204.8,65.13,flow5.0
195,201.6,73.82,flow6.0
195,198.4,262.63,flow7.0
195,198.4,278.05,flow8.0
195,178.76,204.8,flow9.0
195,207.38,36.94,pedestrian_1
195,207.38,29.07,pedestrian_2
195,206.72,33.54,pedestrian_3
196,195.2,337.55,0
196,222.76,201.6,flow19.0
196,204.8,65.34,flow5.0
196,201.6,74.17,flow6.0
196,198.4,262.01,flow7.0
196,198.4,277.43,flow8.0
196,177.96,204.8,flow9.0
196,207.38,37.02,pedestrian_1
196,207.38,29.14,pedestrian_2
196,206.72,33.62,pedestrian_3
197,195.2,337.23,0
197,222.11,201.6,flow19.0
197,204.8,65.55,flow5.0
197,201.6,74.51,flow6.0
197,198.4,261.39,flow7.0
197,198.4,276.8,flow8.0
197,177.17,204.8,flow9.0
197,207.38,37.11,pedestrian_1
197,207.38,29.21,pedestrian_2
197,206.72,33.71,pedestrian_3
198,195.2,336.92,0
198,221.46,201.6,flow19.0
198,204.8,65.75,flow5.0
198,201.6,74.86,flow6.0
198,198.4,260.77,flow7.0
198,198.4,276.18,flow8.0
198,176.38,204.8,flow9.0
198,207.38,37.21,pedestrian_1
198,207.38,29.28,pedestrian_2
198,206.72,33.8,pedestrian_3
199,195.2,336.6,0
199,220.81,201.6,flow19.0
199,204.8,65.96,flow5.0
199,201.6,75.2,flow6.0
199,198.4,260.14,flow7.0
199,198.4,275.56,flow8.0
199,175.58,204.8,flow9.0
199,207.38,37.29,pedestrian_1
199,207.38,29.34,pedestrian_2
199,206.72,33.89,pedestrian_3
